,Start Date,End Date,a,b,Spread Return,Position,Correlation,Hurst Exponent,ADF t-statistic,ADF p-value,mu,theta,sigma2
0,2015-01-07,2015-03-02,79,52,0.2030992104192097,1,0.7177647742149089,0.3389883088063745,-3.8034633738350716,0.0028720782559090554,0.29658734746902093,19.737685689173112,0.017952684259103374
1,2015-03-04,2015-06-03,466,338,0.17523078769553022,-1,0.7202411061807403,0.36136840426873,-3.537325393689351,0.007078675085266685,0.30671864508967267,26.422630600089317,0.02418253956868138
2,2015-06-05,2016-04-13,444,284,0.13952381308255526,1,0.7938715311460458,0.2624633578587574,-4.271770529275649,0.0004969600929400151,0.2201743579150124,45.43603072282166,0.013086196406537444
3,2016-04-18,2016-06-27,396,52,0.2286163157975603,-1,0.8068124133429003,0.22444541782922772,-3.9964141290174373,0.0014294047576390244,0.25968526144801163,35.64939513304516,0.025956611193990422
4,2016-06-28,2016-09-01,70,352,0.19841758619323743,-1,0.7109634420057519,0.237665594274079,-3.5261846279617943,0.00733953822510555,0.2610132218260469,27.46491762695202,0.023673049064082685
5,2016-09-15,2016-09-26,258,58,0.19907746891197742,1,0.7948732234635156,0.25417837711136104,-3.6861660114181545,0.004312003421519814,0.19867423799705242,37.22244225372186,0.014429391617980585
6,2016-09-28,2016-11-07,80,316,0.3021683822508904,1,0.7068273775261261,0.3519170449571085,-3.8267742355165306,0.002644956743834132,0.4190246965523483,26.133749611478926,0.047402362346662896
7,2016-11-08,2018-12-28,332,347,-0.6145681083303647,-1,0.836831153685444,0.26694849256565706,-3.9373294256672327,0.0017766679521292053,0.1267714692146501,32.07912462388584,0.011732243966880813
8,2015-01-13,2015-02-26,79,303,0.20551498873257415,1,0.7089845650792994,0.32661091540936643,-3.7291091637627076,0.0037218474028993197,0.25462613932687306,29.06651852499011,0.019959427380512467
9,2015-03-10,2015-04-15,199,332,0.14654595750084803,1,0.7750676411183377,0.28351200168949764,-3.8375920175345746,0.0025452868550356433,0.2982493722139682,32.041312764297636,0.014916009734028544
10,2015-04-30,2015-08-07,125,291,0.17933383888133192,-1,0.7257667664733827,0.20889692101302604,-4.590799202061544,0.00013430862067277875,0.27388145445634743,41.4241509231712,0.02452099931282762
11,2015-08-12,2016-06-30,160,63,0.07941620627046296,1,0.7257695207899542,0.23760610338129418,-4.33309966082683,0.0003891006746590447,0.5503335249028127,32.50237664061576,0.016369454914006567
12,2016-07-06,2016-07-26,70,357,0.1373771649084192,-1,0.7262169066525469,0.23039400379276123,-3.79319465901901,0.002977715039528453,0.37988693416168506,32.91871954277345,0.02352420303582586
13,2016-07-28,2016-11-10,166,303,0.424614768471112,1,0.7116843306169152,0.3939871645577229,-3.721418381369065,0.0038217755362043343,0.2185631346922806,27.236611447978678,0.03281957404610899
14,2016-11-11,2018-12-28,132,406,-0.7291108895432163,-1,0.7234071875196841,0.2794955473004602,-3.747257413190455,0.003495460274077841,0.35982282061908155,29.93008022229559,0.028961667219706524
15,2015-01-27,2015-02-26,12,277,0.14454622163750425,1,0.7079976714493971,0.34847590934516154,-4.049961713975817,0.001170346897728809,0.380721086925077,25.499991092301528,0.02020125223271874
16,2015-03-16,2015-08-06,258,347,0.1999053096250819,1,0.909246472204524,0.27947641197700657,-3.922197307261422,0.0018774263336486959,0.15475713706307598,34.19473746381918,0.006539182043142269
17,2015-08-17,2015-08-31,199,297,0.144521334995644,-1,0.8239902828432508,0.2907754570680915,-4.412158823458799,0.00028246578576692876,0.19975471554271518,43.29077491589138,0.011303674829835922
18,2015-09-10,2018-12-28,199,242,-0.7248481933484099,1,0.7173321483324828,0.3198556597529769,-3.7094332276096775,0.003982406994274318,0.25022343619333437,19.854333730131,0.017900085626151918
19,2015-01-30,2018-12-28,103,347,,1,0.8093966027119313,0.3599465835211154,-3.58739202037748,0.006006690688126842,0.3295002528934891,25.052287783434508,0.00919218468747282
20,2015-02-06,2016-07-06,103,318,0.1498953522103761,1,0.8368732153077467,0.36572440337127116,-3.4302385709294185,0.009970231971987974,0.29012505774290875,17.032600529295582,0.00877562672362199
21,2016-07-07,2018-12-28,361,464,-2.1673903591943837,1,0.8561156507097546,0.2789510187742174,-3.5754675978519423,0.0062477308762666885,0.25871363509364254,27.989126753774627,0.02125287691240965
22,2015-02-18,2015-03-03,58,354,0.16036228702267583,-1,0.7259830861980914,0.29005076621500375,-3.6546526756815103,0.004798154464592958,0.2627238881323482,29.441995428851342,0.016536265901812404
23,2015-03-24,2015-12-21,89,263,0.08592797104093015,1,0.7020441288311616,0.27522851249402475,-3.7251503137874384,0.003772982806330251,0.4375571659793003,26.814930278777414,0.010212883840635406
24,2016-01-04,2016-02-19,309,120,0.24314578823840158,1,0.7203221090753309,0.3045498260077361,-5.6055159144657525,1.2368328852343373e-06,0.1954006388736013,25.047322041485263,0.013733609091064834
25,2016-02-26,2018-12-28,295,137,-0.769794332778478,-1,0.70990791337657,0.4308905730853469,-3.5205133246283853,0.007475634816754597,0.45959393437173585,19.026660699785666,0.015050049796019297
26,2015-03-30,2015-04-16,454,284,0.15211016450250983,-1,0.7714254067816825,0.3442753961940796,-3.545297443517037,0.006897175809894728,0.2753694910944718,30.776703312869806,0.012598066816020175
27,2015-05-04,2015-09-21,454,319,0.21597042472789443,1,0.7725459126561564,0.4761710771837563,-3.5963298516168702,0.00583158200433491,0.24757886512626334,18.649497979003044,0.012659216447764507
28,2015-09-28,2015-11-24,120,154,0.21739941971600235,1,0.7582559307258798,0.28156523946451073,-3.6191342089138714,0.005405584656625819,0.21967070513477027,29.774231765721037,0.017130645628906763
29,2015-12-07,2017-07-03,79,63,0.18418263251504435,1,0.796350691701633,0.32896868719538436,-4.134295129647576,0.0008495463643073776,0.31863725284733796,29.99003711464693,0.019726633178930773
30,2017-07-11,2017-08-18,172,289,0.23984170581696648,-1,0.771250833465965,0.31328583308070673,-3.780725645306992,0.0031107888370469875,0.21724694974852463,15.898934378907391,0.01624950340103442
31,2017-08-24,2017-09-12,329,351,0.29105103077598965,1,0.817704585547814,0.31643298454699487,-3.822737155660965,0.002683065665280192,0.25918999857048886,33.229928168273325,0.037312341361374735
32,2017-10-23,2017-11-10,398,397,1.0356213957268887,-1,0.93596467495367,0.15017472103548327,-5.518253484156395,1.9032889460360931e-06,0.0066359052965585235,165.17778250561446,0.0069153746780960075
33,2017-12-06,2018-04-17,140,52,0.12206364744956519,-1,0.7825909703600633,0.27490824145078124,-3.5105085063909915,0.007721279333454082,0.34991912880178233,21.940189817071538,0.015268763221394425
34,2018-05-02,2018-08-20,61,52,0.31544623270696964,1,0.816050817359039,0.32191916851889024,-3.7968074534016276,0.0029401483389236366,0.22946123968204793,22.413996077066397,0.020321883103075714
35,2018-10-09,2018-10-29,431,376,0.1426634288272714,-1,0.8370015719237552,0.24950056139228907,-3.6906410938179586,0.004246738029106064,0.20061777362111996,23.69809089790512,0.0077762883312212676
36,2018-10-30,2018-12-19,143,158,0.2437148722080494,-1,0.7563975379449973,0.3328471940484791,-3.569287069873644,0.006376079951630279,0.23480369609717766,22.46685901711405,0.012487060512701901
37,2015-04-07,2015-04-27,33,329,0.10827333549271942,1,0.7624041225531306,0.3509203333202278,-3.6388933169873092,0.005059553990403012,0.4314554408610698,20.437617887966063,0.011724696738747068
38,2015-05-06,2016-01-26,444,319,0.18049757132506578,1,0.746900488516999,0.3246227207059678,-3.764291081510388,0.0032945381607322227,0.25991865687012783,24.574334722362515,0.014735749300577023
39,2016-01-27,2016-02-26,329,79,0.391348746815523,1,0.7425327914760292,0.23741737114199102,-3.5903295405462208,0.005948620355563227,0.26101202635207327,32.048599380879814,0.032331492738655855
40,2016-03-01,2016-03-14,103,258,0.14206822407182448,1,0.8132334235901838,0.31802775555645696,-3.480694623319417,0.008496962112434179,0.2584802645553519,27.80841366706757,0.010091869278677553
41,2016-03-17,2016-04-14,376,180,0.18524056481861625,-1,0.7441015363328158,0.20747216795583995,-5.011289701432818,2.107924856182089e-05,0.26898053291877955,55.524433380191184,0.02618733542593762
42,2016-04-19,2016-07-14,361,208,0.21803447205910967,-1,0.8470293739912897,0.24719357694101138,-4.435319711275232,0.00025690398996963036,0.19038559248732673,43.56600699025725,0.020287175835788283
43,2016-07-29,2016-11-03,194,349,0.13757131159449507,1,0.706270329174469,0.2610724180511789,-6.049845212990953,1.2854057511893458e-07,0.3631456171102498,38.5712700358497,0.021195528979978874
44,2016-11-04,2018-12-28,159,24,,1,0.7601242620350848,0.3472650568936382,-4.365118266896426,0.00034199040538862276,0.4027379662953631,25.783835398984632,0.018564806131159243
45,2015-06-10,2015-07-10,323,225,0.13991871040567358,1,0.7286319106554849,0.39901455606045744,-3.928998853979411,0.001831499274349596,0.3936848246473323,20.472197008930202,0.017879002959248897
46,2015-07-17,2015-09-23,70,372,0.0772439432315979,-1,0.7095775416447054,0.2871478828714951,-3.7241135258599836,0.003786480625501016,0.4833987802373056,31.074532621719545,0.015870214937543762
47,2015-09-28,2018-12-28,199,276,-1.9110532768566855,1,0.7547379457893116,0.4074443053176337,-3.657565896533505,0.004751202466286286,0.3048907179577543,18.040179213243196,0.015993848177379668
48,2015-06-10,2018-12-28,349,170,-0.7725835836842057,-1,0.7515141147207911,0.260253024976395,-3.923021921306397,0.00187180182517057,0.29447625250324516,33.80496297112304,0.009139755607197306
49,2015-07-10,2015-07-17,160,79,0.1419745063290661,-1,0.7357792873810802,0.35737012379949973,-3.626549369543772,0.005273281703529099,0.31868105259635715,23.949205683256967,0.013321539485131841
50,2015-08-25,2015-10-08,160,61,0.15890385997599601,1,0.7214200304607554,0.27893149895594777,-3.9790982449661834,0.0015240016274927603,0.3103868566500835,34.35321402476687,0.01818487847896793
51,2015-10-09,2016-01-21,454,174,0.1665873269262909,-1,0.7832048382469255,0.24760865972845914,-3.54132960838431,0.006986979324907636,0.29309996933260635,28.08281025207621,0.018560944985638785
52,2016-01-22,2016-02-08,33,160,0.16373591859319753,-1,0.8826234561582205,0.29418838696505983,-3.7627314287140528,0.003312484179112963,0.19322726148470645,32.09853002567534,0.010314939814494896
53,2016-02-09,2018-12-28,295,33,-0.8786074295752652,-1,0.7026834234708609,0.33859649587421775,-4.353923036648206,0.0003578123668286536,0.444248233018837,19.12384278380561,0.015289321930144928
54,2015-09-30,2016-01-07,90,80,0.12683016224669305,-1,0.7056129140620115,0.37588958839975956,-3.8486128384979805,0.0024473196039926292,0.4471477832172373,22.074172105252632,0.025344318811032912
55,2016-01-08,2016-08-18,181,184,0.20575352977067307,-1,0.8230301103354364,0.3675326806988516,-3.4295732926153017,0.00999109600400017,0.16787906216932133,23.608395324654623,0.01115058941388114
56,2016-08-19,2016-10-04,184,413,0.15137029646834144,-1,0.7241231952755816,0.31173631240088134,-3.712405163045018,0.0039420096128057955,0.36545738617218865,24.632514956317458,0.018710219216351704
57,2016-10-11,2016-11-04,332,452,0.21912328769091308,1,0.8309174360795569,0.2593806790770911,-3.8865662877163403,0.0021359665726341506,0.20456189240201042,34.27114480912397,0.012377495543012079
58,2016-11-09,2017-11-09,290,203,0.22235476102891183,-1,0.7334469369108997,0.48517940151663025,-3.455938253687304,0.009193479558348608,0.407554072236602,9.452249472792028,0.024236048727975565
59,2018-01-19,2018-04-04,347,297,0.1658129460337258,1,0.8431442966296259,0.37646632016109915,-3.6600498611704775,0.004711499857727915,0.15189661367941823,25.393457736481317,0.004677193858109484
60,2018-06-05,2018-12-28,340,465,-0.27334485684643883,1,0.7320171454076025,0.2636967424049026,-4.4566812500897015,0.000235287513176105,0.4302275537996687,42.4857855197135,0.02037705883684904
61,2015-10-02,2016-11-29,199,318,0.20871961216225168,1,0.7958403738935779,0.3217669483774114,-3.5537013140413656,0.006710405459109618,0.23892229142611793,26.30044076610174,0.01353983222333158
62,2016-12-07,2017-02-08,160,277,0.1297663530720943,-1,0.7867270684580081,0.24569378453438007,-4.051420701861561,0.0011639440795451607,0.36915440388543375,37.16277978438973,0.021409335186858072
63,2017-02-10,2017-08-18,269,410,0.1588448650986573,-1,0.8360922879529195,0.41579210151472124,-3.7656154634462164,0.003279369410367292,0.2690948673655547,27.992454949165783,0.01219755150208342
64,2017-09-01,2017-09-14,347,318,0.27115374236106987,-1,0.8882933505491734,0.2586271634917898,-3.5810575894355474,0.006133664844490282,0.06707447892345961,34.82322405078691,0.00501737526768117
65,2017-10-25,2018-03-02,276,297,0.27965990861147005,-1,0.8364776847873583,0.31583454416236795,-3.546888930701462,0.006861449742358194,0.1075771443680759,19.018138794366287,0.006466247584176216
66,2018-03-15,2018-05-03,152,35,0.13812594439191386,-1,0.7576321787362541,0.2789206476723366,-3.905403800814818,0.0019954360781763523,0.3280196874232127,32.941560507409875,0.014099153480549043
67,2018-06-15,2018-07-05,297,258,0.20329718588165369,1,0.8605147643283975,0.20186496379470603,-3.7526430323416324,0.003430750215875679,0.1410487253410987,28.71893165508175,0.004956418830713824
68,2018-07-13,2018-08-16,361,351,0.12476576484493672,-1,0.70600299114657,0.3225317669351643,-4.402833616946058,0.00029342380386141766,0.35470859939138205,32.50354898019473,0.02522916568495521
69,2018-10-29,2018-12-28,369,93,-0.08179780210179624,-1,0.7110313167151648,0.36558502164975076,-3.533573967798307,0.007165565939952456,0.28884795549172504,19.845499233117472,0.01584452169166094
70,2015-10-13,2017-05-22,297,416,0.3996095227594164,1,0.8597341158049912,0.29353452685213466,-3.7189607394741473,0.0038542224871546582,0.12975195658361718,30.171044198333004,0.01091719414486128
71,2017-07-31,2017-08-28,454,155,0.14652661713824877,-1,0.7575226274137637,0.31053760263268626,-4.700326114038898,8.403415277317797e-05,0.24111206195372117,35.95297357460567,0.009529208400719379
72,2017-09-01,2018-01-03,33,351,0.16436002780655776,1,0.7514217647152271,0.3882734855519444,-3.482122743486532,0.008458266740665727,0.40266306290428183,16.415715796815192,0.02055254327783297
73,2018-02-28,2018-12-28,242,181,-1.6068448369531363,1,0.841717413236365,0.30837177751274303,-3.5791956052153275,0.006171448139598949,0.14806198189678163,26.142630367081047,0.005642891361376985
74,2015-10-13,2015-10-28,171,435,0.23265423711871924,-1,0.8583487353504753,0.3090846501037504,-4.167045886016432,0.0007488386047650081,0.23195892437038731,28.383211526260148,0.028516818721408838
75,2015-10-29,2015-11-10,92,52,0.0666596255390629,-1,0.7700823182271339,0.29580257009692257,-3.763478866936549,0.003303872670725024,0.5306727044171159,30.12280474048034,0.012714257528478686
76,2015-11-11,2016-01-20,244,247,0.5871406837493732,-1,0.7260090117088671,0.36932373793285417,-11.032079744657898,5.635206932199986e-20,0.08493326990319112,62.48302863546356,0.040324834558861856
77,2016-01-21,2016-02-05,160,166,0.22764961932165287,1,0.7788514852638334,0.2583173737051551,-3.504864069303279,0.007863049655784023,0.3038057117225136,29.213840081359738,0.019536650396394743
78,2016-02-08,2016-12-02,70,137,0.142651426368983,-1,0.7099547510366689,0.26964602440940716,-3.5896328640980455,0.005962346371501567,0.3343416226269441,28.733318676331344,0.022196365079868878
79,2016-12-09,2017-02-14,452,269,0.1891967859453652,-1,0.821710890964129,0.4069323731072157,-3.476216734895849,0.008619324605600715,0.21639815429903148,20.902240719343492,0.013918477758040816
80,2017-02-16,2017-06-21,63,24,0.43681299548867153,1,0.8399973170373972,0.47127350553701247,-3.486143427868148,0.00835017356027229,0.27305585224340834,17.409666512977253,0.05388114347799302
81,2017-10-26,2018-03-23,276,410,0.17749861390267777,-1,0.8730974561435643,0.3119801159107619,-3.48876956013231,0.008280243537885368,0.13876585428271473,26.66386856323356,0.005330643566717802
82,2018-06-19,2018-07-12,12,351,0.16131406699243003,1,0.8068960694897199,0.24792363146157428,-3.4670240687223313,0.00887549074687727,0.3904448016600489,23.01188883486908,0.018981082247412916
83,2018-07-25,2018-12-28,12,24,-0.10751662019103318,-1,0.9257843702516432,0.22147421426521027,-3.8380397719311214,0.002541237126796726,0.1954592155175097,33.259606257006745,0.007908220248473421
84,2015-10-14,2015-10-27,120,80,0.11427533947290404,1,0.7102196757490246,0.2618816035774423,-4.756778622218591,6.574290011481555e-05,0.373070473105807,40.929632568745255,0.02241493532708545
85,2015-11-05,2015-12-15,181,297,0.3052634959411631,1,0.8801350660454049,0.328013143605597,-3.515682146734624,0.007593359862815661,0.12322323465727411,28.63539810513423,0.008197615229430542
86,2016-01-08,2016-02-08,303,52,0.2565464269112061,1,0.77776663651455,0.23555773933931054,-4.003732564599753,0.0013910920684356515,0.22388840017208814,35.917944646800215,0.025675422013930776
87,2016-02-09,2018-12-28,295,208,-0.6626032528538682,-1,0.7035682616361175,0.3859612827663008,-3.5046029866677277,0.007869663547681382,0.566332878829638,11.614332150862852,0.015175089138944754
88,2015-10-20,2016-01-15,93,148,0.19202668800482375,-1,0.7154043050966283,0.35039387256656057,-3.456874941387399,0.00916622184909806,0.3098901975496662,22.283614899102663,0.021042795189146528
89,2016-01-19,2016-01-28,33,41,0.17924925826800112,1,0.7173631409771953,0.16687108072060086,-4.163080005258438,0.0007604079984301592,0.3849044938749969,37.31917900452287,0.023917006066519315
90,2016-01-29,2018-12-28,143,52,-0.5288332303806859,-1,0.7483275873554798,0.2988721594085711,-3.707289884100298,0.004011776035649186,0.5285689177040465,23.586272018109582,0.018342129211839864
91,2015-10-21,2015-11-10,280,79,0.3533551509117838,1,0.8074798567187698,0.35652700725760295,-3.480321090312386,0.008507109298777606,0.19952647079331393,22.6624147950625,0.020405357574827518
92,2015-11-13,2016-01-13,92,277,0.0955031498290181,1,0.7557524242833726,0.2889759960254369,-3.637289591205924,0.005086868736190919,0.45439755882155486,25.4373726838399,0.012216664315642002
93,2016-01-14,2016-01-25,187,185,0.1590655179666421,-1,0.709883339941421,0.3689164399686745,-3.8998761356976823,0.0020357588685145597,0.26665093367650483,24.242035548697103,0.016177064095079043
94,2016-01-26,2018-12-28,70,33,-0.766001084009853,-1,0.728294401975895,0.2289776156786254,-4.138259406348826,0.0008367134667748531,0.32778140586069304,32.45798807713511,0.020349547343801472
95,2015-11-06,2016-01-22,143,277,0.1396930882559024,1,0.7147116749375634,0.38029190048432676,-3.5523166457073465,0.006740860805006748,0.46330188733841915,15.493737146642369,0.01776511611322943
96,2016-01-25,2018-12-28,92,160,-0.5336473119900299,-1,0.7575036448417473,0.2754281683154499,-4.055081687003874,0.0011480214497956713,0.3844104586692935,34.13156511375632,0.01398409675921725
97,2015-11-10,2016-01-22,258,276,0.1597553389148032,-1,0.8847889466312543,0.31825950190420593,-3.45748290497891,0.00914856881623009,0.20544952683012987,27.676731611323206,0.008559360211067629
98,2016-01-25,2016-02-03,103,181,0.17521068396378583,-1,0.8395486170743841,0.36089351708491074,-3.564728061785119,0.0064722795279763,0.22119376776394536,17.29042339190185,0.007410560006878914
99,2016-02-08,2017-07-06,309,287,0.1460626253316261,-1,0.7031461316288544,0.28282491152255185,-3.9700322313335867,0.0015758215834828038,0.32358868313781536,33.69999055224292,0.01648724993298717
100,2017-10-30,2017-11-16,110,347,0.19279140030945532,-1,0.8272889334413179,0.3757214805295601,-3.7588843479549983,0.0033571347260624206,0.16212478867694236,47.052948276392044,0.005623785167175472
101,2018-07-26,2018-12-28,405,339,-0.11852190284814462,-1,0.8093376433982798,0.39700983704165504,-4.250999996179503,0.0005394850267509387,0.16094860813812192,17.665987045673916,0.008985826330329221
102,2015-12-08,2016-06-30,280,63,0.19463020381027443,1,0.7987978681092182,0.338402079595544,-3.693821500667374,0.004200904379648116,0.3171765331743015,26.75496518422066,0.02049490314812173
103,2016-07-12,2016-08-23,137,12,0.18683759633878072,1,0.9088103098967067,0.33145059596877674,-3.6195461877255983,0.005398155634481674,0.18606521520167602,26.88803552683042,0.009518526193601108
104,2016-08-24,2016-11-22,164,144,0.1341219769115977,1,0.74816659099538,0.2770145162768983,-3.7226899552356962,0.003805085970318366,0.3829990998361316,51.506846894968696,0.021230275060192615
105,2016-11-23,2017-02-08,258,354,0.2123159231980377,1,0.8065118142215226,0.27246885817576866,-3.7833506379270965,0.0030823277945244997,0.21847270027873886,33.617767068978665,0.014693630276433372
106,2017-02-13,2017-05-17,242,269,0.4887181730282502,1,0.8263775553886568,0.3008920144180747,-3.5392487541768043,0.007034495795721172,0.11433335281232156,19.950913347911065,0.011055524817937468
107,2017-10-30,2017-12-08,110,452,0.1428507183781809,-1,0.8135059257700088,0.42000007993035826,-3.6834705924128537,0.004351754614640004,0.17552747177788802,29.50913804582657,0.0058069206209148865
108,2018-10-29,2018-12-12,117,388,0.17973710057977924,1,0.7519309150732417,0.37015804110910616,-3.5374617622410476,0.0070755344926092855,0.5850717454373295,14.273991343014531,0.03923661310323871
109,2018-12-13,2018-12-28,452,58,0.13325260709142173,-1,0.749426575880539,0.4513544804989603,-3.478347539589722,0.00856090248517479,0.16468703694122808,9.95323859587514,0.010499117731916212
110,2016-01-08,2016-11-18,329,63,0.14804848003518573,1,0.8110369446188738,0.2861515773742272,-3.4324857217743934,0.009900045831455288,0.4195979626941675,24.57387858105728,0.022687393011496217
111,2016-11-21,2018-04-06,199,103,0.19531205264384652,-1,0.7166711682148946,0.24581682805868776,-4.7469412064111465,6.862865450180041e-05,0.190175786306196,50.35865171702348,0.016970641119124268
112,2018-11-27,2018-12-28,110,282,0.004819870742846874,-1,0.7199528389166229,0.40850375245721376,-3.495213352013736,0.0081108796628105,0.2790501588360071,17.904024878473717,0.010211708775902576
113,2016-01-19,2016-11-09,258,332,0.2386482122880029,-1,0.8693439342596069,0.2240633033178129,-3.9808956187006035,0.0015139182686601097,0.15872375375549155,36.20233929013056,0.008459804150819
114,2016-11-14,2017-01-23,3,0,0.19183011415235215,1,0.7057532215226674,0.26878287104159004,-3.622716490573357,0.005341296707900738,0.34872997405610434,31.077417307305055,0.022901037511182405
115,2017-01-27,2017-03-28,79,208,0.5282201045823003,1,0.8701561536061687,0.3757623935397402,-3.745169157384675,0.003520851185712711,0.1523078589697409,22.94664140705082,0.027168431681583737
116,2017-03-30,2018-12-28,137,24,-0.37540418645398776,1,0.846158137423635,0.3752177294455488,-3.482259987415443,0.008454556420184613,0.5897282929368007,27.98100012100644,0.010890429648717248
117,2016-01-21,2016-12-01,329,208,0.2651080803038271,1,0.7981513079617202,0.3379772687723858,-4.019719008732803,0.0013107045841247288,0.3141583558278139,28.910102971225808,0.023348142606858933
118,2016-12-12,2018-12-28,258,413,-0.30007153434942,-1,0.7932012417873968,0.23009728734586285,-4.071391826834098,0.0010795253011837626,0.36883383791082275,37.17388871728756,0.016489779074107366
119,2016-01-25,2016-02-03,184,318,0.24149116492284853,1,0.8211358495521011,0.24971077104510317,-3.5909169037865905,0.005937070306431398,0.19274995390379193,28.174333153648515,0.011140330785855062
120,2016-02-08,2016-03-01,208,351,0.33982284232021803,1,0.823112845664832,0.25360491804594504,-4.14688930254102,0.0008094032587732317,0.1648827188121638,36.15593665800712,0.0266222234452065
121,2016-03-03,2016-10-31,126,52,0.15325955256064458,-1,0.7730569784621708,0.2712999643375403,-4.085634300524997,0.0010228560271087377,0.45178147248709793,26.473419590340146,0.027553560073658338
122,2016-11-01,2018-12-28,332,413,-0.5027453652219824,-1,0.7217080682816663,0.29773618869254126,-3.810190676788359,0.002804755127178717,0.3766056276040949,31.934437306890807,0.018905462711477895
123,2016-01-26,2016-02-03,103,332,0.18329365455376898,-1,0.8053829300491342,0.4634459303378631,-4.170358794922953,0.0007393009900126842,0.24968238230644368,17.90188529661525,0.008394966675765218
124,2016-03-28,2016-04-11,258,282,0.11340194241061362,-1,0.7003307117305616,0.29506217835467213,-3.4505185417574413,0.00935262400782832,0.37572256495231093,27.43478300765059,0.01780885652850272
125,2016-04-12,2018-12-28,33,208,-0.44505592432436714,1,0.8347990056654424,0.27774885001660393,-3.769899611922211,0.0032307393613151864,0.34207635712188006,34.066481607476405,0.014910421991020899
126,2016-01-28,2016-02-03,103,323,0.12681721095929632,-1,0.7889782317515524,0.4175914492784819,-6.153689098833869,7.456497492484803e-08,0.28024190984862846,25.16072241733908,0.008584754598454829
127,2016-03-28,2018-12-28,33,361,,1,0.848326551302974,0.3136780253686444,-4.447542160033015,0.0002443153398620214,0.26807779240164104,41.876628539508005,0.014277255641126625
128,2016-01-28,2016-04-21,110,342,0.11821513800706245,-1,0.7124619674798053,0.406526270953034,-4.464326934479268,0.00022797921128982045,0.3449894379442297,30.995446018060743,0.013382163264030566
129,2016-04-26,2018-12-28,33,277,-2.4714828435139324,1,0.7485474952638916,0.2658963431635722,-3.561072351003157,0.006550365062885739,0.38822369854318173,29.19138627854365,0.020894492104807025
130,2016-01-28,2016-02-03,103,452,0.18589445150171124,-1,0.8191939349936596,0.38156607864380954,-3.6842273805500327,0.004340560089283757,0.22515634097760567,21.73960127018971,0.007923298372465536
131,2016-03-29,2016-05-18,452,276,0.2015952828717713,-1,0.8289696999052206,0.3322809947941455,-3.809779652149946,0.0028088263768320187,0.14649595417386252,30.471505116063202,0.011616263852745785
132,2016-05-25,2016-07-21,200,208,0.17646838974515838,-1,0.8329567430113367,0.37234060515563033,-3.5421790356271394,0.006967666014160162,0.2410906016592437,26.267588579925246,0.016864771792287517
133,2016-08-03,2017-02-15,159,274,0.11396872148943911,-1,0.7146471991593021,0.33948711697815576,-3.8872791657694377,0.0021304857725071287,0.45346348888279786,34.22511058630063,0.026201630524774863
134,2017-02-16,2017-11-06,269,182,0.13760453619605573,-1,0.7385569890197757,0.28114216422944377,-4.391533635257339,0.0003072426044590806,0.3514148663346171,28.194397662421306,0.01755426662829543
135,2017-11-07,2018-12-28,318,452,-0.4327299324560538,-1,0.8554545965869632,0.2515598614434532,-4.131735197473495,0.0008579310160052782,0.06947942782314193,36.16879383990055,0.0055567008356742584
136,2016-01-29,2018-12-28,120,197,-0.4107772233164401,-1,0.7054647620790235,0.34049149587626326,-3.436549273408241,0.009774247881340013,0.3576752076445391,15.798299511591084,0.019174455261198483
137,2016-06-01,2018-12-28,318,332,,1,0.8474582702545248,0.26648274374792924,-3.4310945242579725,0.009943445388076485,0.16671546672066834,27.50607346513359,0.012916577198503528
138,2016-06-03,2018-07-23,244,171,0.2246973279566893,-1,0.7225327494821357,0.33192943415672327,-3.461865168913903,0.009022222494760377,0.3280796987282594,24.90640796730956,0.04719305708054682
139,2018-12-04,2018-12-28,110,181,0.0625236465244238,-1,0.8679082584687359,0.2670373773233027,-4.249803510294698,0.0005420362819038186,0.11477946095448235,36.43666204621059,0.005698357034912554
140,2016-06-21,2016-10-21,463,464,0.09610295204086931,-1,0.7101828186750434,0.43040000893247193,-3.5170064920394144,0.007560923481112839,0.5259803967347904,21.521469060529352,0.02120608607978655
141,2016-10-24,2016-11-08,290,200,0.20143065517242337,1,0.8322009865502339,0.4331901847666595,-4.415392987840645,0.0002787568052448392,0.22871955957838463,28.862166098821497,0.01744130416592255
142,2016-11-14,2018-12-28,110,354,-0.3522394975839166,1,0.7376421346762728,0.34771160836025783,-3.606208835241741,0.005643431552763319,0.2894806400276379,29.306750392009512,0.018866757316275504
143,2016-06-30,2016-07-20,290,208,0.21635174248895717,-1,0.797084998072682,0.352168460806054,-3.465596026728865,0.008915892050028438,0.30276567265576004,28.047078472026516,0.02384302737699581
144,2016-08-08,2016-08-31,130,149,0.2653130400650264,-1,0.7553338792883033,0.3744372328657639,-3.8807260088193165,0.002181361992692069,0.21361393360399591,23.008756422233468,0.0282153397338543
145,2016-09-26,2017-06-08,181,347,0.2059439620428069,1,0.8395799298260298,0.2770990681455383,-3.7018145851316766,0.004087702651818004,0.16314442797434803,42.14181977296449,0.012370638362648846
146,2017-10-31,2017-11-06,110,318,0.1236268995738737,-1,0.8492953251999763,0.30600046944167836,-3.452597866712992,0.00929127733686028,0.163332069367651,33.415022890899856,0.005060438165608073
147,2016-06-30,2016-07-13,295,143,0.16106643793458067,-1,0.7700047352081326,0.2532189067918723,-4.190317254715886,0.0006842134322661783,0.2143000610728229,38.46105054563677,0.015688237606225824
148,2016-10-03,2016-12-30,454,411,0.1267298062330125,1,0.8344054225645392,0.2574334177835798,-3.850466605341532,0.0024311871079771654,0.31907078897445096,33.2301065781871,0.011122915129227615
149,2017-02-01,2018-02-05,199,452,0.2403516776092016,1,0.7851603860686838,0.21976146621574705,-3.5632749436947746,0.006503216563343067,0.22344783108941318,31.303904437031576,0.013794944844583878
150,2016-10-19,2016-10-31,4,0,0.15687333839041573,-1,0.7431368596515989,0.23280986071919707,-4.851633878005337,4.327747777484557e-05,0.36957913330430747,48.5884913402146,0.029578992455042818
151,2016-11-02,2018-01-18,234,228,0.21441031022110058,1,0.7953977007784631,0.27445757302863943,-3.5403244626255423,0.007009895610281096,0.31056406811816833,29.018279979328586,0.030246468021261023
152,2016-10-19,2018-06-13,452,413,0.16039809832020654,-1,0.7797202734362182,0.2955700190545771,-3.5261009427722816,0.007341530106594841,0.2584626030813937,27.432847179208828,0.01564203478332926
153,2016-10-21,2016-11-02,252,122,0.21342152075173554,-1,0.7516637488446508,0.3788256930058263,-3.749738357700844,0.0034655130445035596,0.2633369471858663,31.677035860814854,0.027417449198751564
154,2016-11-21,2017-03-21,280,277,0.42238513006896183,-1,0.7732711348792117,0.2175235562068693,-3.5396210450954646,0.0070259731368585735,0.13506678936361777,29.354822037054948,0.03444293754796201
155,2016-10-25,2018-05-07,396,63,0.26364325773308145,-1,0.7695079755997282,0.36010554501913744,-3.7571555520060644,0.0033773790935186414,0.292059885157493,29.025221222143312,0.03227346106050256
156,2016-10-26,2018-10-22,396,277,0.3056220434628924,-1,0.7259187882960666,0.23764334153280198,-3.4572946363414214,0.009154032188333274,0.23227457943206387,22.039306565025004,0.032607657864950054
157,2016-10-28,2018-12-28,146,102,-0.3423625539968688,-1,0.7908748797552051,0.2145578973236772,-3.7884395156330934,0.0030278333751145533,0.24851167695109938,33.05444134873684,0.009695398987924701
158,2016-11-29,2018-12-28,347,413,-0.24726141307113683,-1,0.7783436564186981,0.30110606505550674,-3.4603388705794744,0.009066049035641347,0.3512409699684094,26.09837256527839,0.016151575554187385
159,2016-12-28,2017-01-17,277,464,0.3779148643822491,1,0.729486226937472,0.46223470022785673,-3.56491205008818,0.006468371908160555,0.2505921538108231,21.225880804124788,0.037200568619603816
160,2017-02-16,2017-05-01,258,269,0.312078962598051,1,0.8557916914902841,0.20531819736425055,-5.046112419216943,1.7972878673686545e-05,0.10754911511063939,33.17798706410359,0.008519798204909154
161,2017-02-28,2017-04-19,12,464,0.12363587091249217,-1,0.8172969254510581,0.2967163489288245,-4.078689950927441,0.0010501299992163422,0.4265775618673551,32.48872752592528,0.019009090213153543
162,2017-03-08,2017-07-07,182,413,0.11998153236879627,-1,0.7064791436977175,0.2766853784355079,-3.753265723852227,0.003423339685011904,0.36982926469640504,30.29805710663342,0.019252557354656922
